k,covariance,bic,aic,converged,iterations,seconds
1,full,60968.21359115258,60934.71601741153,True,2,0.01282865299999969
2,full,49141.44728451709,49067.752622286775,True,9,0.04159262699999999
3,full,47824.285869314626,47710.39411859505,True,15,0.1424016379999955
4,full,47682.06613277144,47527.97729356261,True,10,0.1364879439999953
5,full,46754.025225520956,46559.73929782286,True,35,0.33969659699999966
6,full,46676.17228212925,46441.689265941895,True,22,0.281985198000001
7,full,45358.46675686199,45083.78665218537,True,49,0.49582505699999047
8,full,45282.125171472966,44967.24797830709,True,32,0.4448147029999916
1,diag,61024.536287686446,60997.738228693604,True,2,0.009189929999990909
2,diag,53154.740592825285,53094.444960091394,True,13,0.04574505799999429
3,diag,50341.31717090303,50247.52396442809,True,9,0.07251928400000907
4,diag,48987.70449543468,48860.41371521868,True,12,0.1214770360000017
5,diag,47918.294360628715,47757.50600667167,True,13,0.10632746199999588
6,diag,47908.74779899462,47714.461871296524,True,12,0.12401876899998854
7,diag,46784.812151216756,46557.02864977761,True,22,0.2435057200000017
8,diag,46485.98072407728,46224.69964889708,True,25,0.30147401099999627
